<?xml version="1.0" encoding="UTF-8"?>
<project-private xmlns="http://www.netbeans.org/ns/project-private/1">
    <editor-bookmarks xmlns="http://www.netbeans.org/ns/editor-bookmarks/2" lastBookmarkId="0"/>
    <open-files xmlns="http://www.netbeans.org/ns/projectui-open-files/2">
        <group>
            <file>file:/C:/libraries/jbullet-20101010/src/com/bulletphysics/demos/genericjoint/GenericJointDemo.java</file>
            <file>file:/C:/libraries/jbullet-20101010/src/com/bulletphysics/demos/vehicle/VehicleDemo.java</file>
            <file>file:/C:/libraries/jbullet-20101010/src/com/bulletphysics/demos/opengl/LWJGL.java</file>
            <file>file:/C:/libraries/jbullet-20101010/src/com/bulletphysics/demos/movingconcave/Bunny.java</file>
            <file>file:/C:/libraries/jbullet-20101010/src/com/bulletphysics/demos/concaveconvexcast/ConvexcastBatch.java</file>
            <file>file:/C:/libraries/jbullet-20101010/src/com/bulletphysics/demos/character/CharacterDemo.java</file>
            <file>file:/C:/libraries/jbullet-20101010/src/com/bulletphysics/demos/opengl/LwjglGL.java</file>
            <file>file:/C:/libraries/jbullet-20101010/src/com/bulletphysics/util/ArrayPool.java</file>
            <file>file:/C:/libraries/jbullet-20101010/src/com/bulletphysics/demos/opengl/FontRender.java</file>
            <file>file:/C:/libraries/jbullet-20101010/src/com/bulletphysics/collision/narrowphase/GjkEpaSolver.java</file>
            <file>file:/C:/libraries/jbullet-20101010/src/com/bulletphysics/demos/genericjoint/RagDoll.java</file>
            <file>file:/C:/libraries/jbullet-20101010/src/com/bulletphysics/demos/opengl/DemoApplication.java</file>
            <file>file:/C:/libraries/jbullet-20101010/src/com/bulletphysics/demos/opengl/IGL.java</file>
            <file>file:/C:/libraries/jbullet-20101010/src/com/bulletphysics/util/ObjectPool.java</file>
            <file>file:/C:/libraries/jbullet-20101010/src/com/bulletphysics/dynamics/character/KinematicCharacterController.java</file>
            <file>file:/C:/libraries/jbullet-20101010/src/com/bulletphysics/demos/basic/BasicDemo.java</file>
        </group>
    </open-files>
</project-private>
